-8.928646;-3.9352264;3.50257;-6.8526883;-9.9917;2.1246266;-7.4387364;-3.8280382;-10.702754;-10.775024;3.9568493;-4.798728;1.089211;-11.3094425;-9.783789;-2.5541353;-6.880132;-7.9183903;-8.676476;-8.348819;-10.986547;-7.1906;-9.660207;-9.987416;-7.4646745;-2.405347;-4.7822714;-4.128757;-6.6907167;-8.948648;-6.7107925;-8.946851;-6.3888354;-8.307347;-7.1377764;-1.9028904;-10.650313;-12.025255;-8.666504;-6.0010633;-7.4837875;-9.320885;-7.075031;-11.213631;-8.192115;-7.9611244;-4.507672;-9.318073;-11.985821;-9.404609;-11.2569685;-8.363267;-11.401984;-2.2162828;-6.4583597;-4.713544;-3.3676555;-1.8549097;-5.295327;-4.168894;-3.903165;-2.380298;-10.436242;-5.8600216;-2.500975;-3.7038987;-4.5475473;-3.2598352;-4.809778;-12.358935;-0.71629596;-1.9002374;-1.6184772;-4.3900895;-7.345463;-3.9767795;-6.155699;-2.5161428;-9.903793;-2.6182115;
-12.259783;-13.614693;-5.2417574;-12.016848;-13.848618;-4.7830276;-11.848852;-10.423679;-14.080567;-14.224084;-3.1600533;-10.512618;-4.4331675;-13.743481;-14.983953;-10.074394;-12.291944;-11.902104;-13.198179;-14.07999;-15.912608;-11.230772;-14.463077;-13.692747;-12.50454;-7.6711006;-11.153513;-11.447121;-13.140436;-13.716838;-13.723396;-13.3151245;-12.62236;-12.963067;-13.558707;-8.864181;-15.696049;-18.019787;-14.173653;-12.292354;-12.52829;-12.965787;-12.347252;-14.390542;-12.83906;-13.57227;-9.444975;-12.67069;-15.570807;-13.879847;-14.551768;-14.609764;-14.138077;-6.3056154;-13.222842;-7.773652;-8.529857;-3.289533;-8.536257;-8.125464;-5.9907537;-3.6358542;-14.112982;-14.954943;-5.203535;-7.553256;-7.3856316;-5.2356215;-8.207627;-14.355006;-3.814248;-5.2970767;-4.6953483;-6.53786;-9.89032;-7.160258;-13.079538;-7.386015;-14.283703;0.8052231;
-12.512502;-18.30159;-10.68136;-16.689764;-16.978958;-9.785156;-16.533504;-15.5109825;-15.127626;-15.060229;-7.7156987;-14.127534;-7.9905105;-14.216261;-18.552473;-14.871592;-15.670281;-15.614488;-17.060162;-17.737669;-20.643778;-15.188145;-17.217367;-16.539856;-13.644785;-10.522665;-14.94697;-15.532845;-18.079937;-15.321902;-16.53114;-17.497318;-18.103573;-16.61678;-18.829987;-13.731803;-19.721352;-21.313093;-16.586515;-16.59994;-15.062942;-16.482475;-15.796863;-15.0189905;-16.697548;-17.910362;-16.07529;-15.83666;-19.062408;-17.022415;-14.835653;-18.92769;-14.65454;-8.739412;-17.750109;-10.359376;-12.244873;-4.43456;-12.14001;-12.570913;-9.10656;-5.5069914;-16.132145;-19.766827;-8.329675;-10.736527;-8.19326;-6.3157773;-11.362837;-16.682552;-6.858571;-7.594916;-8.763496;-7.254946;-10.422404;-10.255188;-15.662388;-10.940193;-17.087341;4.9247274;
-9.466644;-13.985987;-10.816366;-12.296345;-13.426875;-9.724475;-15.130379;-13.637427;-11.228662;-10.873032;-8.126142;-12.628783;-8.283891;-9.78852;-12.568713;-12.77023;-12.823273;-11.820511;-13.043891;-13.331788;-14.261587;-12.617385;-11.289777;-10.584089;-10.441941;-9.664996;-12.748966;-12.133438;-13.230612;-9.650156;-11.3758335;-12.49851;-13.030071;-10.165665;-14.621666;-12.969238;-13.234014;-13.5130205;-11.690408;-13.172309;-11.103999;-12.087498;-11.772436;-10.526701;-11.733032;-13.000048;-13.3781185;-10.377702;-12.918695;-12.925607;-10.425327;-14.39751;-10.648137;-8.577603;-14.217564;-8.854623;-10.735859;-2.9512126;-9.621261;-11.184971;-8.169487;-5.7629957;-10.962109;-16.174461;-6.1759596;-10.291313;-7.379556;-5.0186777;-8.756143;-9.3576;-5.123823;-6.7482452;-6.7101946;-4.951644;-7.9556036;-10.051106;-10.808262;-9.046411;-11.9411745;5.6051474;
-7.9375153;-13.003481;-11.788375;-10.004044;-11.157077;-9.343629;-13.905175;-12.696719;-8.7358885;-8.445871;-8.359674;-10.068346;-6.8934603;-7.626987;-9.117245;-12.2858;-10.846826;-9.142234;-9.519142;-10.241578;-10.064449;-10.580007;-7.972951;-6.8708696;-10.4649515;-9.294144;-12.128549;-10.168703;-9.29213;-6.228894;-8.563665;-8.918755;-9.558354;-7.154873;-11.959733;-11.175196;-9.056985;-9.108527;-9.022533;-11.758739;-9.567433;-8.880631;-9.093054;-8.204555;-8.949269;-10.857964;-10.963339;-7.478074;-9.614565;-11.292881;-7.960197;-13.004806;-8.299161;-7.0354924;-11.327839;-7.026333;-8.151941;-2.4498143;-8.200651;-9.84279;-6.415576;-4.621734;-7.1101394;-12.1369705;-3.6883228;-8.805709;-6.847705;-3.6131105;-7.3697896;-5.7984324;-4.179326;-6.358177;-4.693301;-4.2899346;-6.811245;-8.566901;-8.901807;-8.022636;-7.222667;6.0492506;
-12.257978;-17.137691;-16.424452;-14.233421;-15.624523;-12.473045;-16.991121;-15.906546;-13.737591;-13.183956;-10.708008;-12.791473;-8.904777;-12.658798;-12.220369;-17.614529;-16.058006;-14.4184;-14.029651;-14.42375;-14.531945;-15.713687;-13.68454;-11.221682;-15.321108;-14.068291;-17.24162;-14.74814;-14.342146;-10.548656;-14.113353;-13.550611;-17.680046;-13.019983;-17.354092;-13.722942;-15.981223;-15.678552;-14.246813;-17.72257;-14.483669;-11.83103;-14.4000635;-13.370368;-15.048169;-15.8742485;-15.86573;-15.089272;-14.665927;-16.013676;-13.26747;-17.781708;-13.3565645;-6.4476504;-12.720032;-8.513601;-10.322201;-4.8125277;-10.023919;-12.855839;-7.5251822;-5.8574758;-12.746979;-14.225264;-5.858448;-10.145792;-7.925104;-3.9489903;-10.127296;-11.937547;-6.978698;-8.560446;-6.771018;-6.636384;-9.238554;-10.455402;-15.350898;-10.431924;-13.740708;6.351352;
-11.981925;-16.497135;-15.200962;-13.7123575;-15.520603;-12.304389;-15.14383;-15.047454;-13.375766;-13.024434;-10.930559;-11.84142;-6.081639;-12.634098;-11.295789;-16.43388;-15.430447;-13.818696;-13.137377;-12.96155;-13.658179;-15.326951;-13.76734;-10.587348;-14.509358;-13.491901;-17.114058;-14.500149;-14.468715;-10.120765;-13.566942;-12.8914385;-18.091919;-12.894519;-15.897266;-13.25912;-17.460022;-14.891007;-14.244812;-16.641943;-14.0363455;-10.680756;-14.131109;-13.281456;-14.910954;-14.957797;-15.879045;-14.522198;-13.899347;-14.724653;-13.066117;-16.587757;-12.888029;-5.244071;-10.516332;-6.759654;-8.769929;-5.0908213;-9.907729;-11.498711;-6.354712;-4.6211786;-13.387553;-12.882513;-5.7659326;-8.595283;-7.3644166;-3.550264;-9.712086;-13.044718;-6.5594835;-7.347543;-7.534841;-5.3368955;-7.834129;-9.207242;-15.078159;-10.024964;-13.319185;4.984235;
-11.688308;-16.457928;-14.389063;-13.011915;-14.559371;-13.164204;-12.821559;-14.707574;-12.934818;-12.718841;-11.221835;-11.948679;-7.5027094;-12.19024;-12.377426;-14.988791;-14.373486;-14.143786;-12.436952;-13.499044;-13.329229;-13.645163;-13.593138;-10.800694;-14.104913;-13.798069;-15.395204;-13.406252;-13.872206;-10.128194;-13.058264;-13.013734;-16.350178;-12.3274765;-14.100809;-12.698383;-16.577032;-13.638685;-13.109378;-15.577515;-13.112926;-10.544265;-12.388523;-12.6426325;-13.794609;-15.094874;-14.606701;-13.582394;-12.963455;-13.13005;-12.819809;-15.420799;-12.3963995;-5.7862053;-10.881758;-7.091238;-7.9868855;-5.7139616;-8.960484;-11.384275;-5.8480134;-5.5488567;-14.211791;-12.279916;-5.7937837;-8.373084;-7.144458;-4.6284204;-9.518356;-13.056597;-6.8703213;-7.750886;-7.1050067;-5.403552;-7.7900085;-8.923864;-14.2163;-9.806193;-13.409115;4.76515;
-11.634472;-15.668013;-13.252699;-12.452131;-13.666044;-12.773043;-11.654552;-13.969196;-12.789688;-12.781033;-11.503879;-11.028478;-7.7950816;-12.124471;-13.314902;-13.734665;-13.4502;-13.824049;-11.733927;-13.86226;-13.031959;-12.480032;-13.633841;-11.120608;-13.2130375;-12.876384;-13.438581;-12.692304;-13.633461;-10.836825;-12.569774;-13.260255;-14.4560175;-12.59283;-12.456514;-11.975552;-15.691798;-12.801017;-12.16116;-14.042808;-11.938714;-11.001138;-10.98854;-12.679473;-13.107202;-14.676088;-13.276468;-12.64046;-11.86588;-11.941879;-12.990047;-14.315438;-12.404652;-6.319584;-11.522503;-7.5409355;-7.7209535;-5.5584636;-8.026917;-10.845926;-6.195256;-5.764167;-13.7551365;-12.054458;-6.108846;-8.397892;-6.892114;-5.518682;-8.969652;-12.442095;-6.517104;-7.2130284;-6.679391;-5.6735106;-7.9104657;-9.031794;-13.126454;-8.967712;-12.625075;4.0960145;
-12.144955;-16.441679;-13.084553;-12.928608;-13.618979;-12.752678;-12.499708;-14.516621;-13.170403;-13.331873;-12.266852;-11.371871;-8.027777;-12.698055;-13.891303;-13.983327;-13.668571;-14.97537;-11.9483795;-14.945055;-13.319687;-13.319347;-14.374021;-12.436756;-14.022329;-13.170834;-13.803947;-13.2583685;-14.688699;-11.801396;-13.173374;-13.925441;-14.614401;-13.971017;-12.192257;-12.098476;-15.999556;-13.150093;-12.117761;-14.166381;-11.766932;-11.723969;-11.839628;-13.202055;-13.311344;-15.2160015;-13.61114;-12.421762;-12.254444;-12.143229;-13.606705;-14.13594;-12.943377;-6.802977;-12.1891575;-8.275299;-7.955742;-5.26939;-7.3771605;-10.339508;-7.0011697;-5.8891983;-13.715882;-12.159186;-6.5756392;-8.469685;-7.1408744;-6.142491;-8.7705;-12.625572;-6.492585;-7.352946;-6.4960604;-5.95276;-8.720396;-9.164562;-12.91898;-7.734261;-13.05836;3.8972147;
-13.6759815;-18.747395;-13.856351;-14.15965;-14.579958;-13.939963;-14.02423;-16.299854;-14.341071;-14.59381;-13.437915;-13.159353;-9.205665;-14.131304;-15.230308;-15.271423;-15.007815;-17.23122;-13.449532;-17.014141;-14.901142;-15.367036;-16.087418;-14.5764065;-16.17994;-14.753136;-15.877487;-14.578199;-16.691656;-13.452144;-14.640297;-15.209362;-16.317398;-15.773398;-13.499552;-12.820129;-17.620676;-14.438405;-13.220563;-15.24727;-12.61215;-13.046701;-13.885945;-14.575806;-14.408502;-16.51062;-15.11312;-13.338586;-13.688662;-13.276212;-14.958916;-15.177918;-14.239828;-7.776066;-13.156184;-9.240356;-9.150873;-5.4087777;-7.701501;-10.670318;-7.7339926;-6.7260637;-14.984598;-12.852489;-7.522449;-8.996638;-7.597523;-6.9711175;-9.3531475;-13.82979;-7.1814013;-7.8371086;-6.6501317;-6.9213977;-9.9855795;-9.775143;-13.729454;-7.9221253;-14.556565;3.773687;
-14.118683;-18.6749;-13.635082;-14.25689;-14.834248;-13.961893;-14.348773;-16.315445;-14.613728;-14.923788;-13.401839;-13.431806;-9.1411915;-14.610514;-15.197176;-15.303528;-14.970389;-17.238583;-13.804832;-17.018684;-15.12632;-15.670108;-16.094477;-14.690506;-16.392746;-14.757591;-16.01287;-14.640295;-16.829573;-13.735465;-14.5097475;-15.248499;-16.395473;-15.915575;-13.58231;-12.5413265;-17.541822;-14.624325;-13.339064;-15.148634;-12.647266;-13.095837;-14.044959;-15.069691;-14.334207;-16.314352;-14.953545;-13.489833;-13.97015;-13.242739;-15.280849;-15.219067;-14.583434;-7.7377563;-13.026427;-8.982813;-9.40274;-5.442298;-7.506607;-10.675358;-7.650178;-7.0312166;-15.031331;-12.781528;-7.7826524;-8.934932;-7.5904474;-7.117764;-9.410949;-13.808291;-7.2180996;-7.5419216;-6.549436;-7.384512;-10.273647;-9.730376;-13.689002;-8.048675;-14.447634;3.540518;
-14.192598;-18.421997;-13.418218;-14.274196;-14.782355;-13.827013;-14.327591;-16.15477;-14.612581;-14.984418;-13.229378;-13.529737;-8.999269;-14.679514;-14.8951645;-15.185783;-14.796391;-17.051416;-13.795949;-16.809944;-14.96326;-15.693512;-15.845272;-14.572161;-16.265093;-14.623109;-15.940742;-14.531158;-16.79791;-13.724027;-14.39459;-15.128026;-16.318993;-15.781746;-13.543594;-12.338147;-17.410397;-14.620183;-13.320341;-15.025249;-12.59745;-12.907752;-14.066881;-15.107204;-14.192873;-16.24034;-14.752976;-13.426408;-13.981974;-13.133171;-15.311726;-15.1489;-14.611447;-7.6142483;-12.791551;-8.703333;-9.123819;-5.427262;-7.392668;-10.549604;-7.5254;-7.03245;-14.910482;-12.498656;-7.740512;-8.67443;-7.409087;-7.110509;-9.367836;-13.729532;-7.156;-7.357385;-6.353528;-7.57213;-10.258861;-9.537794;-13.424271;-7.941368;-14.204863;3.4201188;
-14.303787;-18.16586;-13.233728;-14.3122425;-14.7245455;-13.754725;-14.209431;-15.953849;-14.669874;-15.07873;-13.103908;-13.722649;-8.989238;-14.749719;-14.743608;-15.119396;-14.7333145;-16.91694;-13.799781;-16.722687;-14.850237;-15.745132;-15.72145;-14.549677;-16.096426;-14.472734;-15.894236;-14.438155;-16.758934;-13.696796;-14.336813;-15.055419;-16.266031;-15.65422;-13.512462;-12.202248;-17.268457;-14.605173;-13.252113;-14.946442;-12.601533;-12.7472315;-14.1358185;-15.137852;-14.075049;-16.221916;-14.655067;-13.38526;-13.968386;-13.032509;-15.377446;-15.084817;-14.66746;-7.5921917;-12.65244;-8.595228;-8.918239;-5.412372;-7.4193473;-10.4684925;-7.526648;-7.0780764;-14.907675;-12.343259;-7.6799173;-8.518834;-7.3066945;-7.1656976;-9.439404;-13.778625;-7.159802;-7.3249803;-6.298298;-7.8099375;-10.345996;-9.50584;-13.301218;-7.852988;-14.166403;3.4246554;
-14.404125;-17.884453;-13.061066;-14.338212;-14.663949;-13.696075;-14.05899;-15.753317;-14.73375;-15.162362;-13.009634;-13.904952;-9.02761;-14.797305;-14.612281;-15.064373;-14.690138;-16.78786;-13.786023;-16.644724;-14.741017;-15.7624855;-15.618658;-14.527265;-15.911474;-14.327347;-15.837255;-14.365937;-16.69774;-13.659022;-14.289258;-14.975722;-16.222149;-15.539045;-13.481301;-12.086022;-17.128271;-14.584738;-13.177357;-14.896734;-12.618465;-12.597353;-14.21156;-15.171984;-13.964557;-16.204117;-14.602772;-13.3574295;-13.938358;-12.937979;-15.438561;-15.03406;-14.721463;-7.6003594;-12.542276;-8.514799;-8.754223;-5.382901;-7.470012;-10.3895445;-7.540919;-7.1528115;-14.930788;-12.197507;-7.621897;-8.425088;-7.2421985;-7.235837;-9.518899;-13.826323;-7.1741753;-7.3183556;-6.284252;-8.054023;-10.443565;-9.521898;-13.177211;-7.785108;-14.139217;3.4425137;
-14.4601555;-17.577412;-12.894192;-14.334527;-14.582213;-13.637188;-13.884108;-15.542614;-14.7717705;-15.210322;-12.916563;-14.044126;-9.082073;-14.814845;-14.467197;-14.987088;-14.619242;-16.634888;-13.741428;-16.523533;-14.609777;-15.729924;-15.490245;-14.47309;-15.710709;-14.172645;-15.74099;-14.274874;-16.60423;-13.5843;-14.228796;-14.871531;-16.155802;-15.40596;-13.431751;-11.9648285;-16.974516;-14.536379;-13.09227;-14.85182;-12.616965;-12.437615;-14.252239;-15.181177;-13.844066;-16.15683;-14.553134;-13.323651;-13.879427;-12.836275;-15.46831;-14.972195;-14.749647;-7.6100645;-12.424579;-8.42611;-8.602999;-5.3582053;-7.5035844;-10.316277;-7.5455;-7.235538;-14.922019;-12.045087;-7.564673;-8.345132;-7.1835775;-7.303263;-9.575267;-13.834628;-7.1838136;-7.299428;-6.2673125;-8.260976;-10.503783;-9.543729;-13.043735;-7.7220182;-14.076032;3.4639986;
-14.477449;-17.275322;-12.737109;-14.309306;-14.479195;-13.578651;-13.697097;-15.329708;-14.784073;-15.225694;-12.821358;-14.152708;-9.14097;-14.810304;-14.322566;-14.892838;-14.52716;-16.469988;-13.679404;-16.375559;-14.461784;-15.663489;-15.34354;-14.396586;-15.504889;-14.012903;-15.618748;-14.160941;-16.483135;-13.470659;-14.150179;-14.749168;-16.062963;-15.2456665;-13.362116;-11.846552;-16.80339;-14.463954;-12.997919;-14.799953;-12.592171;-12.268414;-14.252565;-15.165459;-13.712426;-16.07612;-14.488475;-13.277109;-13.7938385;-12.727104;-15.467709;-14.890773;-14.750941;-7.6087337;-12.28952;-8.337772;-8.469396;-5.338822;-7.5215535;-10.253271;-7.5432186;-7.3135595;-14.884239;-11.89318;-7.5144143;-8.272931;-7.1254997;-7.35678;-9.612129;-13.80887;-7.1887465;-7.2693167;-6.2397556;-8.423392;-10.5267315;-9.559247;-12.919267;-7.6589246;-13.990333;3.4911215;
-14.463928;-16.993317;-12.595687;-14.274412;-14.363656;-13.518182;-13.50832;-15.12286;-14.7748995;-15.215535;-12.732665;-14.241663;-9.198046;-14.787615;-14.184144;-14.792842;-14.422992;-16.304247;-13.6083555;-16.217096;-14.30423;-15.5742445;-15.186933;-14.304696;-15.2997265;-13.857067;-15.485299;-14.036155;-16.344997;-13.329585;-14.058766;-14.617252;-15.950032;-15.065259;-13.2775135;-11.738295;-16.618622;-14.377802;-12.899247;-14.741927;-12.5489645;-12.09463;-14.221889;-15.130701;-13.573996;-15.974302;-14.410091;-13.22079;-13.692137;-12.616438;-15.4421;-14.797275;-14.729863;-7.5939612;-12.138252;-8.25618;-8.354519;-5.322275;-7.528556;-10.197164;-7.5377016;-7.3828936;-14.824405;-11.739691;-7.4711995;-8.20934;-7.0675316;-7.394389;-9.6351185;-13.75715;-7.186514;-7.23407;-6.2057457;-8.546112;-10.520271;-9.564108;-12.803615;-7.5945406;-13.889748;3.521988;
-14.42774;-16.734167;-12.47231;-14.23791;-14.244237;-13.453096;-13.32682;-14.924805;-14.748867;-15.187004;-12.65666;-14.315624;-9.250097;-14.7505665;-14.051002;-14.693646;-14.3131695;-16.143232;-13.532733;-16.056353;-14.142631;-15.470121;-15.026736;-14.20277;-15.097299;-13.709466;-15.348224;-13.910206;-16.199137;-13.177643;-13.961071;-14.482443;-15.824526;-14.875028;-13.183853;-11.641332;-16.425596;-14.287272;-12.803627;-14.682144;-12.494032;-11.924467;-14.171093;-15.083761;-13.433838;-15.864086;-14.324052;-13.162733;-13.585247;-12.51008;-15.398092;-14.701082;-14.692677;-7.5676756;-11.975756;-8.183187;-8.256044;-5.3080273;-7.528017;-10.143921;-7.530148;-7.4426775;-14.747002;-11.583577;-7.433531;-8.152947;-7.009398;-7.4201393;-9.647581;-13.685498;-7.174617;-7.1968164;-6.170333;-8.637719;-10.493269;-9.557867;-12.691254;-7.52939;-13.776319;3.5541694;
-14.375961;-16.496254;-12.366325;-14.203548;-14.126873;-13.381925;-13.158649;-14.7352495;-14.710492;-15.146186;-12.594159;-14.375618;-9.294882;-14.703214;-13.91991;-14.597442;-14.201563;-15.989053;-13.454917;-15.896399;-13.980363;-15.357117;-14.867132;-14.095343;-14.898613;-13.571696;-15.210492;-13.787721;-16.051445;-13.028696;-13.86084;-14.348918;-15.69238;-14.683471;-13.085988;-11.553806;-16.228712;-14.198951;-12.717558;-14.624009;-12.432771;-11.764748;-14.107598;-15.030497;-13.295458;-15.752742;-14.234446;-13.1098;-13.480431;-12.412201;-15.341959;-14.607862;-14.645328;-7.5324283;-11.806385;-8.1179695;-8.1698675;-5.29654;-7.521248;-10.090597;-7.520507;-7.4931846;-14.654995;-11.4258;-7.400077;-8.101917;-6.9505606;-7.438872;-9.650938;-13.597521;-7.1522293;-7.1576605;-6.1357145;-8.706249;-10.452712;-9.542753;-12.577404;-7.4646897;-13.65095;3.5857062;
-14.313657;-16.276155;-12.274719;-14.171663;-14.014338;-13.303516;-13.005759;-14.552467;-14.663512;-15.097296;-12.5418625;-14.421272;-9.330428;-14.648828;-13.787455;-14.503866;-14.090094;-15.84181;-13.375666;-15.737973;-13.818598;-15.239008;-14.710154;-13.985355;-14.703491;-13.443682;-15.072508;-13.669304;-15.904589;-12.890962;-13.758693;-14.218719;-15.557294;-14.496273;-12.986445;-11.472274;-16.03093;-14.1162615;-12.644236;-14.568087;-12.367723;-11.618611;-14.034873;-14.974708;-13.160024;-15.642412;-14.142222;-13.065041;-13.380402;-12.324903;-15.278357;-14.519131;-14.591992;-7.490091;-11.633001;-8.059094;-8.090833;-5.2879963;-7.5080285;-10.034724;-7.508464;-7.535247;-14.550736;-11.26767;-7.369774;-8.05474;-6.890087;-7.4537473;-9.645319;-13.495045;-7.1196833;-7.1149254;-6.102021;-8.757424;-10.403371;-9.522082;-12.458737;-7.4007993;-13.515239;3.615482;
-14.2441025;-16.069414;-12.192989;-14.141045;-13.907185;-13.216245;-12.866658;-14.374128;-14.610718;-15.042942;-12.494628;-14.452363;-9.355384;-14.589513;-13.65131;-14.412056;-13.980251;-15.700872;-13.294833;-15.581469;-13.657289;-15.117988;-14.556935;-13.874733;-14.510361;-13.323812;-14.933671;-13.5535145;-15.759316;-12.768254;-13.653253;-14.092965;-15.421757;-14.317197;-12.88569;-11.392675;-15.834141;-14.040187;-12.583653;-14.51215;-12.298978;-11.486731;-13.954229;-14.918492;-13.027132;-15.5326;-14.046744;-13.028321;-13.284876;-12.248607;-15.210328;-14.434032;-14.535156;-7.4419866;-11.45783;-8.005591;-8.013395;-5.2819414;-7.487458;-9.973917;-7.4939394;-7.570031;-14.4363165;-11.109649;-7.341925;-8.010347;-6.8268657;-7.4661293;-9.630079;-13.378967;-7.077847;-7.066471;-6.0687156;-8.794752;-10.348448;-9.499035;-12.332561;-7.3363066;-13.371961;3.6433556;
-14.168886;-15.8700695;-12.115336;-14.109927;-13.8047695;-13.117406;-12.737381;-14.197388;-14.553589;-14.984185;-12.446668;-14.468344;-9.368572;-14.525811;-13.50976;-14.321326;-13.873424;-15.564997;-13.211724;-15.427243;-13.49588;-14.99489;-14.408365;-13.7647;-14.315766;-13.208344;-14.792768;-13.438054;-15.614986;-12.661609;-13.541784;-13.97239;-15.28757;-14.149013;-12.782329;-11.310515;-15.639257;-13.969676;-12.533104;-14.451434;-12.224855;-11.368871;-13.866015;-14.862356;-12.895367;-15.421445;-13.946857;-12.997262;-13.191774;-12.182463;-15.13929;-14.350459;-14.475687;-7.3889318;-11.283067;-7.9563007;-7.9312754;-5.277618;-7.457848;-9.905458;-7.4771657;-7.5988045;-14.313107;-10.950426;-7.3158026;-7.9677906;-6.759527;-7.476342;-9.603825;-13.249035;-7.0275846;-7.0096016;-6.0347195;-8.820078;-10.2896185;-9.475681;-12.195392;-7.2677436;-13.224009;3.6701798;
-14.087068;-15.668276;-12.032923;-14.075534;-13.704953;-13.001966;-12.610851;-14.01732;-14.491233;-14.919586;-12.390801;-14.465771;-9.36721;-14.45563;-13.360247;-14.229986;-13.769848;-15.431099;-13.124517;-15.274409;-13.332827;-14.868629;-14.264463;-13.654848;-14.112511;-13.088946;-14.646555;-13.318984;-15.468559;-12.5695095;-13.419703;-13.857103;-15.154758;-13.993007;-12.671865;-11.219703;-15.4446945;-13.900837;-12.48641;-14.378052;-12.141852;-11.264097;-13.768954;-14.804373;-12.762306;-15.304931;-13.840427;-12.967055;-13.097028;-12.124214;-15.064173;-14.264191;-14.411945;-7.33082;-11.111002;-7.908802;-7.8368287;-5.274285;-7.416315;-9.826063;-7.459006;-7.622732;-14.181266;-10.787008;-7.2899356;-7.9251657;-6.686406;-7.4842997;-9.564197;-13.102527;-6.9692802;-6.9405475;-5.998007;-8.834482;-10.227313;-9.452295;-12.042311;-7.189764;-13.072973;3.6985705;
-13.994196;-15.447719;-11.931929;-14.032852;-13.603473;-12.860507;-12.475608;-13.824129;-14.419217;-14.843804;-12.317212;-14.434913;-9.344258;-14.373009;-13.19872;-14.133208;-13.667319;-15.292978;-13.028816;-15.1193075;-13.164825;-14.736119;-14.12263;-13.540831;-13.887802;-12.950297;-14.488057;-13.189467;-15.313578;-12.487844;-13.280688;-13.74588;-15.018816;-13.847885;-12.546055;-11.111328;-15.244301;-13.825335;-12.4325;-14.281835;-12.044613;-11.170243;-13.658715;-14.73901;-12.623912;-15.1759615;-13.72353;-12.929824;-12.994196;-12.070858;-14.98017;-14.166511;-14.33847;-7.266903;-10.944296;-7.858318;-7.7217774;-5.270846;-7.3587017;-9.731827;-7.4420137;-7.643199;-14.039585;-10.615793;-7.261123;-7.877808;-6.605805;-7.4897914;-9.507491;-12.932903;-6.902211;-6.855024;-5.955846;-8.8397255;-10.162398;-9.427671;-11.867246;-7.0952845;-12.917685;3.7341542;
-13.891657;-15.198346;-11.796169;-13.981491;-13.499802;-12.684054;-12.318476;-13.607463;-14.338516;-14.755682;-12.216234;-14.3665695;-9.292185;-14.276197;-13.026543;-14.030166;-13.573236;-15.156784;-12.91792;-14.966523;-12.992678;-14.604685;-13.984412;-13.422814;-13.635616;-12.778009;-14.320648;-13.04608;-15.150771;-12.418965;-13.133157;-13.641877;-14.8809595;-13.717775;-12.402073;-10.974653;-15.039954;-13.741246;-12.362153;-14.164611;-11.936268;-11.089401;-13.541727;-14.666364;-12.48339;-15.038057;-13.599448;-12.883893;-12.887354;-12.030525;-14.887094;-14.051695;-14.255233;-7.198397;-10.788109;-7.8007555;-7.582943;-5.2652717;-7.2804594;-9.62038;-7.433966;-7.6670265;-13.899047;-10.43982;-7.2214713;-7.8176746;-6.516426;-7.493274;-9.4331875;-12.740371;-6.8278112;-6.756093;-5.9061675;-8.842045;-10.109051;-9.406243;-11.673626;-6.9743958;-12.769008;3.7839255;
-13.826486;-14.986236;-11.643771;-13.96831;-13.430274;-12.498264;-12.149049;-13.404528;-14.294855;-14.69517;-12.100402;-14.293918;-9.234951;-14.203348;-12.871791;-13.966828;-13.560029;-15.109898;-12.80305;-14.881477;-12.844133;-14.545274;-13.890784;-13.349958;-13.417228;-12.612182;-14.22926;-12.9283285;-15.038502;-12.401011;-13.057462;-13.585763;-14.816012;-13.645672;-12.291772;-10.81146;-14.898661;-13.704704;-12.302914;-14.089443;-11.861963;-11.046501;-13.498432;-14.628467;-12.3929825;-14.958217;-13.526581;-12.866491;-12.831139;-12.054185;-14.826719;-13.959184;-14.208134;-7.138026;-10.663952;-7.745551;-7.4376183;-5.2528014;-7.1882644;-9.50609;-7.4538803;-7.719091;-13.834558;-10.291833;-7.1566596;-7.738872;-6.421294;-7.495586;-9.373739;-12.581992;-6.7697854;-6.6780725;-5.8546247;-8.864135;-10.128157;-9.416215;-11.519535;-6.820366;-12.710523;3.8498416;
-13.866625;-14.949213;-11.54973;-14.052062;-13.460986;-12.35732;-12.011632;-13.29947;-14.360944;-14.727133;-12.003154;-14.284758;-9.227327;-14.22042;-12.773531;-14.02565;-13.742239;-15.277913;-12.715901;-14.94199;-12.760883;-14.650908;-13.889806;-13.399163;-13.356602;-12.553385;-14.3667345;-12.902546;-15.051016;-12.4767065;-13.170063;-13.605958;-14.922124;-13.697119;-12.300241;-10.635544;-14.915647;-13.81208;-12.3101;-14.160112;-11.891686;-11.073889;-13.638695;-14.693186;-12.409606;-15.019264;-13.571926;-12.947217;-12.909513;-12.215853;-14.868608;-13.960996;-14.27346;-7.1050386;-10.5946865;-7.709278;-7.3165236;-5.218846;-7.089155;-9.394441;-7.517529;-7.8413067;-13.94246;-10.228393;-7.0551023;-7.6377516;-6.336796;-7.4917836;-9.371329;-12.556417;-6.7623296;-6.6606793;-5.8119335;-8.937513;-10.297504;-9.4909725;-11.482179;-6.6151013;-12.869568;3.9297957;
-13.883162;-15.003982;-11.535075;-14.090939;-13.514846;-12.186702;-11.881614;-13.215242;-14.443136;-14.758482;-11.837642;-14.193953;-9.159959;-14.258693;-12.678039;-14.118794;-13.992038;-15.466419;-12.586911;-14.959217;-12.670743;-14.733401;-13.820967;-13.479238;-13.366667;-12.596824;-14.608753;-12.8681;-14.98143;-12.511547;-13.326674;-13.517284;-15.010103;-13.807175;-12.348214;-10.4124365;-14.962392;-13.969294;-12.301308;-14.248511;-11.921967;-11.134662;-13.769871;-14.782969;-12.375552;-15.039124;-13.493238;-13.102221;-12.978391;-12.413013;-14.928889;-13.931414;-14.368577;-7.106211;-10.520192;-7.6376896;-7.1953835;-5.1371365;-6.9025583;-9.1622715;-7.6038785;-8.023592;-14.065994;-10.233338;-6.9332147;-7.4896445;-6.2754636;-7.4716277;-9.313875;-12.569233;-6.737602;-6.584405;-5.724351;-9.053818;-10.487839;-9.554555;-11.412843;-6.285335;-13.099201;4.006901;
-13.457354;-14.590768;-11.341577;-13.579089;-13.289942;-11.627564;-11.570248;-12.820564;-14.150243;-14.418361;-11.350709;-13.583687;-8.702787;-13.985332;-12.3455305;-13.8232355;-13.89443;-15.026248;-12.2661705;-14.364381;-12.219308;-14.32949;-13.289507;-13.194077;-12.914928;-12.448675;-14.349585;-12.428675;-14.266859;-12.069562;-12.973526;-12.845825;-14.474813;-13.532768;-12.062775;-10.036678;-14.453105;-13.67416;-11.960273;-13.83073;-11.60997;-10.964098;-13.267591;-14.544529;-11.931467;-14.300147;-12.74415;-12.972155;-12.513983;-12.21916;-14.638374;-13.4369755;-14.122846;-7.090077;-10.2481785;-7.2976394;-6.9736547;-4.9685154;-6.503342;-8.580424;-7.65477;-8.21818;-13.670855;-10.164748;-6.8503466;-7.217616;-6.228334;-7.326258;-8.829512;-12.134796;-6.460796;-6.042933;-5.519761;-9.120608;-10.31712;-9.3164425;-10.907301;-5.735116;-12.833587;4.0926;
-12.57826;-13.236769;-10.457521;-12.395681;-12.863796;-10.452494;-11.151486;-11.426062;-13.513153;-13.80049;-10.318972;-12.413227;-7.4509344;-13.352909;-11.792267;-12.703832;-13.147773;-13.389827;-11.764315;-12.812792;-11.828164;-13.124819;-12.079752;-12.015516;-11.67343;-11.579065;-13.111284;-11.408203;-12.869446;-11.43962;-11.915911;-11.595763;-12.752476;-12.91037;-11.354085;-9.4179;-12.941556;-12.9325695;-11.469157;-12.829538;-11.220126;-10.57848;-11.853051;-14.000964;-10.874521;-12.662388;-11.283749;-12.501416;-12.140835;-12.178044;-14.074088;-12.495266;-13.543389;-7.1201353;-10.065911;-6.898251;-6.6624045;-4.929339;-6.0028305;-7.5724087;-7.7721844;-8.283419;-12.411589;-10.185896;-6.87899;-7.050482;-6.3360405;-7.3014436;-7.832828;-10.908547;-5.943571;-5.1006546;-5.2699604;-9.145651;-10.041316;-9.262316;-9.708901;-5.193534;-11.7558365;4.138074;
-11.724461;-11.600697;-9.261372;-11.21482;-12.634168;-9.362869;-11.201678;-10.093644;-12.723314;-13.144962;-9.223741;-11.466545;-6.629958;-12.552537;-11.872225;-11.165359;-12.40651;-11.2323265;-11.817368;-11.179641;-11.890535;-11.638866;-11.350025;-11.086518;-10.9117565;-10.518361;-11.483713;-10.434746;-11.643989;-11.510303;-10.313603;-10.818312;-10.771627;-12.436602;-10.092186;-8.688462;-10.826278;-11.544905;-10.819873;-11.186568;-10.476856;-10.6913185;-10.146367;-13.19119;-9.738157;-10.901728;-9.4800625;-11.684348;-11.496947;-11.527806;-13.312722;-11.4559;-12.703917;-7.2209535;-9.820858;-7.519446;-6.852008;-5.3667884;-6.284637;-7.3425255;-8.228711;-8.164302;-11.406012;-10.374563;-7.600735;-6.934435;-6.6343923;-7.400986;-7.5173783;-10.621433;-5.4287076;-4.1173134;-5.3193636;-9.143519;-9.868069;-9.34406;-8.629785;-5.2331495;-10.657019;3.7049968;
